match_id,match_date,player_id,player_name,agent,map,kills,deaths,assists,headshots,damage,rounds_played,result,rank
10362,2026-10-03,P006,Neeraj,Omen,Breeze,22,12,14,23,4485,27,Loss,Iron
10074,2026-10-18,P006,Neeraj,Reyna,Haven,3,16,14,22,5087,25,Loss,Diamond
10375,2026-10-13,P020,Nikhil,Gekko,Bind,4,24,4,15,4221,19,Loss,Immortal
10156,2026-10-11,P002,Rohan,Fade,Split,28,20,15,8,522,30,Win,Bronze
10105,2026-10-12,P015,Pratik,Sova,Split,29,21,4,13,5588,19,Loss,Iron
10395,2026-10-07,P009,Ritesh,Brimstone,Ascent,17,23,11,24,5043,26,Win,Platinum
10378,2026-10-03,P006,Neeraj,Gekko,Ascent,23,10,10,8,635,26,Win,Iron
10125,2026-10-08,P002,Rohan,Killjoy,Breeze,3,9,9,6,1347,30,Loss,Bronze
10069,2026-10-10,P006,Neeraj,Raze,Split,11,11,1,1,4756,22,Win,Immortal
51,2026-09-09,P017,Siddhant,Killjoy,Lotus,11,4,13,15,4652,18,Loss,Iron
10010,2026-10-13,P019,Varun,Sage,Lotus,11,19,15,2,6414,18,Win,Gold
10195,2026-10-22,P002,Rohan,Chamber,Lotus,17,4,3,13,2928,29,Loss,Silver
7,2026-09-02,P019,Varun,Cypher,Pearl,25,19,3,9,5841,22,Win,Bronze
10085,2026-10-16,P016,Rahul,Viper,Ascent,38,7,12,6,5133,26,Win,Silver
10372,2026-10-11,P006,Neeraj,Sage,Ascent,20,26,2,11,3030,20,Win,Iron
10389,2026-10-20,P014,Vivek,Cypher,Split,22,25,10,22,6259,26,Win,Platinum
96,2026-09-08,P020,Nikhil,Brimstone,Split,16,15,8,11,3929,25,Loss,Diamond
10031,2026-10-10,P018,Yash,Sova,Pearl,11,11,3,3,6304,26,Win,Bronze
10317,2026-10-18,P016,Rahul,Fade,Haven,34,4,2,1,2128,27,Win,Diamond
9,2026-09-22,P010,Ankit,Gekko,Bind,3,20,4,3,565,18,Loss,Silver
91,2026-09-30,P016,Rahul,Omen,Pearl,32,28,1,11,4794,29,Loss,Ascendant
92,2026-09-27,P002,Rohan,Brimstone,Icebox,36,4,2,9,861,21,Win,Silver
10281,2026-10-12,P011,Manish,Fade,Haven,27,27,4,20,5770,20,Win,Diamond
10357,2026-10-10,P017,Siddhant,Killjoy,Breeze,12,7,6,10,3575,27,Loss,Gold
10077,2026-10-04,P015,Pratik,Jett,Icebox,28,11,15,14,881,27,Win,Iron
62,2026-09-21,P020,Nikhil,Killjoy,Icebox,31,27,11,23,5031,26,Loss,Iron
98,2026-09-25,P001,Aditya,Omen,Icebox,38,19,4,3,532,25,Loss,Gold
10212,2026-10-05,P017,Siddhant,Cypher,Lotus,3,27,0,9,4015,28,Loss,Iron
10102,2026-10-18,P009,Ritesh,Reyna,Ascent,26,24,8,18,3344,28,Loss,Silver
10335,2026-10-29,P019,Varun,Viper,Ascent,22,5,12,22,507,26,Win,Silver
76,2026-09-03,P011,Manish,Omen,Haven,6,11,12,2,4672,25,Win,Platinum
10337,2026-10-27,P005,Harsh,Brimstone,Icebox,23,26,2,2,3402,26,Loss,Ascendant
41,2026-09-12,P002,Rohan,Viper,Breeze,13,5,8,24,3495,23,Loss,Iron
10174,2026-10-29,P016,Rahul,Sova,Split,21,23,9,15,2229,30,Loss,Bronze
10003,2026-10-19,P015,Pratik,Fade,Breeze,13,25,13,10,2499,20,Win,Ascendant
10334,2026-10-22,P003,Arjun,Sage,Split,29,27,7,17,722,24,Loss,Immortal
10,2026-09-07,P010,Ankit,Cypher,Bind,16,16,4,5,1730,21,Loss,Platinum
10071,2026-10-27,P004,Akash,Reyna,Sunset,34,5,1,4,1445,30,Loss,Silver
10210,2026-10-30,P003,Arjun,Jett,Breeze,21,16,5,24,1332,30,Loss,Ascendant
10064,2026-10-11,P009,Ritesh,Fade,Icebox,38,3,6,2,2200,29,Loss,Immortal
10385,2026-10-30,P004,Akash,Omen,Sunset,16,17,6,22,2991,19,Loss,Diamond
10094,2026-10-05,P019,Varun,Viper,Ascent,19,17,8,21,299,30,Loss,Bronze
86,2026-09-05,P017,Siddhant,Jett,Icebox,19,20,11,14,228,30,Loss,Gold
10186,2026-10-11,P012,Amit,Sova,Pearl,29,21,9,23,5859,28,Win,Immortal
10034,2026-10-01,P018,Yash,Reyna,Pearl,12,20,1,11,4994,26,Win,Iron
10078,2026-10-20,P011,Manish,Fade,Breeze,8,10,0,24,5730,22,Win,Gold
10001,2026-10-01,P004,Akash,Cypher,Icebox,18,10,4,23,1062,28,Win,Iron
10012,2026-10-22,P004,Akash,Chamber,Icebox,24,6,9,13,1518,25,Win,Bronze
16,2026-09-03,P020,Nikhil,Omen,Icebox,11,20,6,8,6232,28,Win,Silver
10023,2026-10-04,P018,Yash,Raze,Split,3,5,7,5,3552,25,Loss,Platinum
10073,2026-10-20,P019,Varun,Raze,Pearl,16,23,6,8,5633,19,Win,Platinum
10183,2026-10-31,P018,Yash,Sage,Haven,15,22,12,16,552,18,Win,Gold
10132,2026-10-15,P016,Rahul,Gekko,Ascent,23,23,10,4,3825,19,Loss,Immortal
11,2026-09-06,P004,Akash,Sova,Breeze,38,17,2,9,5725,19,Loss,Silver
10194,2026-10-07,P016,Rahul,Viper,Split,20,20,8,4,1117,27,Win,Platinum
10056,2026-10-09,P014,Vivek,Omen,Pearl,33,3,1,11,2059,28,Win,Diamond
10149,2026-10-20,P015,Pratik,Raze,Pearl,4,11,6,4,4718,29,Loss,Silver
10019,2026-10-28,P002,Rohan,Sage,Pearl,35,10,8,21,4199,21,Win,Immortal
10205,2026-10-16,P005,Harsh,Phoenix,Ascent,26,16,15,24,4626,30,Win,Platinum
10079,2026-10-17,P016,Rahul,Sova,Ascent,20,8,13,20,4251,19,Loss,Ascendant
95,2026-09-20,P018,Yash,Jett,Bind,23,20,10,11,3600,30,Loss,Ascendant
10263,2026-10-06,P014,Vivek,Jett,Split,14,20,5,15,2589,20,Win,Ascendant
10324,2026-10-09,P001,Aditya,Viper,Lotus,7,14,8,3,6124,18,Win,Iron
84,2026-09-24,P012,Amit,Phoenix,Icebox,5,18,14,17,2637,26,Loss,Platinum
10080,2026-10-11,P014,Vivek,Sage,Pearl,13,13,13,22,4281,22,Loss,Diamond
10040,2026-10-20,P004,Akash,Killjoy,Bind,23,16,3,12,4946,21,Loss,Diamond
52,2026-09-15,P006,Neeraj,Reyna,Split,32,13,0,0,5745,21,Loss,Silver
10047,2026-10-08,P014,Vivek,Phoenix,Split,32,4,7,3,3962,20,Loss,Ascendant
10239,2026-10-06,P014,Vivek,Sova,Sunset,8,27,9,7,6064,19,Win,Bronze
10392,2026-10-02,P005,Harsh,Sova,Breeze,15,11,5,9,5821,22,Win,Diamond
10353,2026-10-13,P013,Karan,Cypher,Breeze,15,13,7,21,4602,28,Loss,Ascendant
10342,2026-10-10,P005,Harsh,Cypher,Ascent,23,11,13,19,5511,19,Win,Immortal
10278,2026-10-21,P013,Karan,Fade,Lotus,30,23,2,22,1002,18,Win,Immortal
10291,2026-10-04,P006,Neeraj,Raze,Haven,3,8,15,11,4507,26,Loss,Gold
10318,2026-10-16,P017,Siddhant,Raze,Bind,15,28,4,10,6096,20,Loss,Diamond
10305,2026-10-28,P009,Ritesh,Reyna,Pearl,13,28,9,22,5931,27,Win,Platinum
10269,2026-10-07,P008,Sahil,Gekko,Bind,30,8,4,6,1918,30,Win,Ascendant
10070,2026-10-28,P004,Akash,Raze,Icebox,33,18,14,10,1733,18,Loss,Immortal
56,2026-09-26,P005,Harsh,Cypher,Haven,33,28,0,5,3676,25,Win,Ascendant
66,2026-09-17,P005,Harsh,Omen,Haven,4,4,11,10,4123,25,Loss,Immortal
10155,2026-10-21,P016,Rahul,Phoenix,Haven,7,25,14,1,2626,21,Win,Platinum
10083,2026-10-15,P010,Ankit,Cypher,Ascent,10,3,7,22,1520,22,Win,Iron
78,2026-09-24,P015,Pratik,Gekko,Pearl,36,24,6,15,3410,28,Loss,Ascendant
10173,2026-10-02,P019,Varun,Omen,Breeze,8,4,8,20,1949,30,Loss,Diamond
10322,2026-10-24,P006,Neeraj,Raze,Sunset,5,8,10,19,2032,28,Win,Immortal
10091,2026-10-28,P016,Rahul,Chamber,Breeze,7,10,9,7,6340,19,Loss,Silver
10181,2026-10-12,P013,Karan,Raze,Sunset,6,21,6,11,4755,22,Win,Iron
15,2026-09-05,P012,Amit,Sova,Bind,33,17,14,11,2725,25,Win,Gold
10313,2026-10-26,P018,Yash,Raze,Sunset,25,18,15,11,4856,26,Loss,Iron
10279,2026-10-05,P003,Arjun,Brimstone,Lotus,36,24,14,0,289,29,Loss,Silver
10382,2026-10-27,P002,Rohan,Viper,Ascent,24,20,15,22,5606,23,Loss,Silver
73,2026-09-04,P010,Ankit,Sova,Ascent,31,11,15,6,2849,18,Win,Diamond
10363,2026-10-11,P005,Harsh,Jett,Bind,15,8,12,0,2094,21,Win,Platinum
10325,2026-10-24,P015,Pratik,Killjoy,Haven,29,18,12,11,4696,24,Win,Immortal
32,2026-10-01,P008,Sahil,Gekko,Ascent,27,14,3,13,1319,22,Loss,Platinum
10348,2026-10-16,P001,Aditya,Phoenix,Haven,3,10,8,19,2725,29,Loss,Iron
10087,2026-10-15,P005,Harsh,Chamber,Ascent,25,13,12,14,2859,21,Win,Iron
10076,2026-10-18,P004,Akash,Viper,Haven,20,7,2,1,1582,30,Loss,Bronze
39,2026-09-12,P008,Sahil,Reyna,Breeze,27,15,9,22,5117,18,Win,Immortal
10016,2026-10-31,P016,Rahul,Chamber,Haven,19,19,13,6,4640,30,Win,Bronze
10250,2026-10-22,P009,Ritesh,Phoenix,Sunset,27,5,14,19,4148,27,Loss,Iron
34,2026-09-01,P017,Siddhant,Killjoy,Lotus,23,16,11,3,1490,24,Loss,Bronze
10020,2026-10-26,P008,Sahil,Jett,Sunset,15,6,3,21,3754,23,Loss,Iron
10323,2026-10-11,P005,Harsh,Cypher,Pearl,18,14,10,5,5434,19,Loss,Immortal
10333,2026-10-02,P015,Pratik,Fade,Ascent,32,11,7,8,4845,18,Win,Silver
10057,2026-10-31,P001,Aditya,Viper,Lotus,4,22,4,7,1257,25,Win,Platinum
10302,2026-10-03,P013,Karan,Brimstone,Breeze,30,24,4,7,2612,22,Loss,Iron
10230,2026-10-01,P001,Aditya,Chamber,Icebox,37,12,0,16,5939,28,Loss,Gold
10332,2026-10-16,P016,Rahul,Sova,Icebox,8,23,12,5,3262,24,Loss,Gold
10133,2026-10-26,P010,Ankit,Fade,Breeze,25,19,2,9,4005,25,Win,Diamond
10138,2026-10-04,P011,Manish,Chamber,Sunset,21,11,4,10,890,27,Win,Ascendant
24,2026-09-06,P015,Pratik,Viper,Pearl,35,23,8,6,1453,20,Win,Ascendant
10336,2026-10-06,P015,Pratik,Phoenix,Lotus,15,7,1,13,864,28,Loss,Platinum
10026,2026-10-30,P017,Siddhant,Omen,Split,13,4,2,5,784,27,Win,Platinum
65,2026-09-20,P009,Ritesh,Phoenix,Pearl,27,12,7,7,6265,22,Loss,Gold
10282,2026-10-21,P020,Nikhil,Phoenix,Ascent,25,26,6,20,6352,20,Loss,Immortal
10248,2026-10-13,P011,Manish,Fade,Sunset,26,6,6,18,4692,20,Win,Immortal
10238,2026-10-20,P011,Manish,Gekko,Sunset,23,3,8,14,4242,21,Loss,Iron
10118,2026-10-12,P014,Vivek,Omen,Sunset,6,12,9,11,1071,27,Win,Gold
10043,2026-10-20,P006,Neeraj,Brimstone,Icebox,28,20,0,9,2573,21,Loss,Ascendant
10221,2026-10-26,P007,Shubham,Gekko,Split,16,18,6,10,2706,18,Win,Platinum
10177,2026-10-15,P008,Sahil,Reyna,Icebox,31,10,4,3,637,22,Loss,Iron
10321,2026-10-23,P018,Yash,Brimstone,Bind,17,24,5,12,2736,29,Loss,Gold
10154,2026-10-24,P019,Varun,Gekko,Bind,11,4,11,17,2996,28,Win,Immortal
10232,2026-10-03,P013,Karan,Sage,Sunset,32,21,7,22,2073,22,Win,Diamond
10228,2026-10-31,P003,Arjun,Omen,Breeze,3,16,4,20,2118,19,Win,Diamond
18,2026-09-13,P012,Amit,Viper,Icebox,11,17,2,12,3203,26,Win,Platinum
10204,2026-10-06,P010,Ankit,Killjoy,Split,22,25,3,20,2639,23,Win,Platinum
10127,2026-10-13,P003,Arjun,Omen,Breeze,30,3,14,2,2787,27,Loss,Iron
10330,2026-10-18,P019,Varun,Omen,Ascent,12,4,11,0,3725,19,Loss,Immortal
10032,2026-10-20,P010,Ankit,Viper,Bind,16,24,8,16,4225,22,Win,Silver
10114,2026-10-17,P020,Nikhil,Fade,Ascent,35,22,13,3,5971,19,Win,Iron
71,2026-09-14,P018,Yash,Killjoy,Lotus,13,25,12,12,2030,22,Win,Iron
10272,2026-10-16,P013,Karan,Phoenix,Icebox,29,15,14,2,5413,30,Win,Iron
10141,2026-10-07,P016,Rahul,Viper,Haven,12,5,9,3,4381,30,Win,Ascendant
10058,2026-10-23,P015,Pratik,Fade,Bind,13,22,3,24,1564,22,Win,Diamond
10193,2026-10-31,P012,Amit,Gekko,Haven,21,4,9,22,870,23,Loss,Bronze
10025,2026-10-07,P005,Harsh,Fade,Lotus,6,21,1,23,2792,18,Win,Immortal
10018,2026-10-19,P001,Aditya,Chamber,Lotus,17,3,2,22,5392,18,Win,Silver
10266,2026-10-09,P002,Rohan,Viper,Split,21,8,14,18,6305,30,Loss,Silver
10067,2026-10-09,P015,Pratik,Fade,Icebox,17,6,6,10,1202,29,Win,Platinum
10209,2026-10-13,P001,Aditya,Fade,Breeze,16,21,2,1,3693,23,Win,Diamond
80,2026-09-29,P012,Amit,Raze,Lotus,10,10,13,10,346,20,Loss,Silver
10095,2026-10-06,P018,Yash,Reyna,Ascent,25,21,9,20,3698,29,Loss,Immortal
10254,2026-10-16,P001,Aditya,Reyna,Icebox,29,5,3,23,1383,23,Loss,Ascendant
10267,2026-10-04,P019,Varun,Fade,Split,26,20,1,24,6112,25,Win,Iron
10024,2026-10-29,P013,Karan,Raze,Haven,27,3,12,8,3950,22,Loss,Immortal
10223,2026-10-15,P013,Karan,Chamber,Bind,22,11,11,16,4296,25,Win,Immortal
10262,2026-10-08,P004,Akash,Fade,Pearl,14,14,4,16,3405,24,Win,Iron
27,2026-09-02,P017,Siddhant,Brimstone,Haven,6,8,8,5,4455,24,Win,Bronze
10006,2026-10-28,P008,Sahil,Reyna,Sunset,20,17,11,5,3255,23,Win,Bronze
10117,2026-10-24,P004,Akash,Cypher,Bind,11,20,1,18,4823,26,Loss,Silver
10046,2026-10-29,P014,Vivek,Sova,Lotus,27,18,12,7,1431,28,Win,Silver
10017,2026-10-22,P013,Karan,Sova,Bind,31,19,14,3,2253,21,Win,Ascendant
63,2026-09-06,P006,Neeraj,Omen,Breeze,11,26,7,21,2284,29,Win,Platinum
10358,2026-10-28,P011,Manish,Cypher,Haven,8,18,10,20,1671,23,Win,Diamond
10004,2026-10-03,P004,Akash,Killjoy,Pearl,25,14,8,1,6200,25,Win,Iron
10219,2026-10-18,P002,Rohan,Killjoy,Sunset,38,19,4,12,2212,22,Win,Ascendant
6,2026-09-21,P015,Pratik,Killjoy,Sunset,23,3,12,21,1192,26,Win,Silver
10061,2026-10-27,P014,Vivek,Jett,Pearl,30,14,14,22,1476,24,Win,Bronze
10111,2026-10-16,P003,Arjun,Jett,Bind,35,21,3,14,4350,21,Win,Bronze
10319,2026-10-05,P001,Aditya,Brimstone,Haven,10,19,11,2,3283,29,Loss,Silver
29,2026-09-24,P006,Neeraj,Sova,Bind,32,22,2,7,3321,24,Win,Silver
10030,2026-10-29,P012,Amit,Reyna,Lotus,26,12,5,14,4673,29,Loss,Diamond
38,2026-10-01,P013,Karan,Sova,Breeze,8,7,15,19,3789,19,Win,Bronze
72,2026-09-17,P008,Sahil,Gekko,Icebox,21,23,8,13,1763,19,Win,Gold
10027,2026-10-04,P013,Karan,Brimstone,Lotus,5,22,2,13,5608,27,Loss,Bronze
10008,2026-10-27,P011,Manish,Gekko,Breeze,17,4,10,12,2416,19,Win,Ascendant
54,2026-09-16,P006,Neeraj,Killjoy,Lotus,29,25,11,11,3504,22,Loss,Gold
10109,2026-10-01,P020,Nikhil,Fade,Haven,11,20,8,5,1123,28,Win,Gold
10038,2026-10-12,P015,Pratik,Fade,Lotus,17,3,6,12,2912,22,Win,Bronze
10158,2026-10-06,P011,Manish,Jett,Ascent,26,28,8,2,6179,24,Win,Iron
90,2026-09-20,P017,Siddhant,Cypher,Icebox,6,14,7,19,6103,19,Win,Platinum
10119,2026-10-08,P016,Rahul,Omen,Pearl,25,20,11,3,6470,22,Win,Iron
10115,2026-10-29,P015,Pratik,Viper,Sunset,24,17,12,13,6199,19,Loss,Iron
10176,2026-10-28,P011,Manish,Cypher,Bind,25,15,4,24,3258,26,Win,Ascendant
10374,2026-10-23,P005,Harsh,Cypher,Breeze,13,6,13,18,4177,30,Loss,Gold
10182,2026-10-15,P017,Siddhant,Gekko,Split,20,22,3,4,1015,24,Loss,Ascendant
10145,2026-10-27,P006,Neeraj,Viper,Haven,19,4,15,11,4765,19,Win,Bronze
10370,2026-10-21,P009,Ritesh,Viper,Ascent,21,11,14,1,1040,20,Win,Bronze
10391,2026-10-18,P012,Amit,Jett,Sunset,37,12,13,0,4505,19,Win,Iron
10196,2026-10-01,P005,Harsh,Chamber,Haven,29,23,15,15,5552,21,Loss,Ascendant
5,2026-09-03,P003,Arjun,Raze,Haven,19,20,2,18,2087,22,Loss,Iron
10276,2026-10-01,P015,Pratik,Reyna,Haven,31,17,0,13,1880,29,Win,Bronze
55,2026-09-05,P019,Varun,Brimstone,Lotus,9,26,8,7,4772,24,Loss,Platinum
10142,2026-10-05,P020,Nikhil,Brimstone,Sunset,12,8,5,22,5340,30,Win,Immortal
10366,2026-10-23,P016,Rahul,Phoenix,Lotus,3,12,13,21,1050,28,Loss,Gold
10068,2026-10-24,P007,Shubham,Jett,Icebox,36,22,9,3,1813,22,Win,Ascendant
10211,2026-10-15,P013,Karan,Omen,Sunset,27,5,4,20,3071,19,Win,Iron
10169,2026-10-17,P016,Rahul,Killjoy,Sunset,7,7,10,20,830,25,Loss,Ascendant
94,2026-09-12,P019,Varun,Sova,Ascent,30,6,5,5,4728,24,Loss,Gold
10376,2026-10-03,P002,Rohan,Fade,Bind,3,25,7,21,2994,26,Win,Iron
1,2026-09-30,P020,Nikhil,Brimstone,Lotus,5,24,10,12,1151,24,Loss,Bronze
10273,2026-10-24,P017,Siddhant,Fade,Bind,32,18,10,18,243,30,Win,Immortal
10110,2026-10-12,P001,Aditya,Gekko,Lotus,23,3,5,8,652,20,Loss,Silver
10249,2026-10-15,P007,Shubham,Gekko,Icebox,7,28,13,21,4313,20,Loss,Platinum
10146,2026-10-25,P003,Arjun,Phoenix,Icebox,31,19,4,13,974,21,Loss,Ascendant
10093,2026-10-08,P005,Harsh,Chamber,Sunset,14,8,5,2,5215,24,Win,Immortal
10153,2026-10-02,P016,Rahul,Sova,Sunset,26,11,0,11,776,23,Win,Silver
10368,2026-10-07,P017,Siddhant,Sage,Sunset,21,8,1,17,4289,21,Loss,Ascendant
68,2026-09-16,P012,Amit,Chamber,Lotus,8,17,9,11,3599,22,Win,Bronze
10084,2026-10-08,P003,Arjun,Omen,Pearl,32,6,4,15,6093,22,Loss,Iron
10246,2026-10-13,P020,Nikhil,Gekko,Bind,31,13,13,20,5092,20,Loss,Ascendant
10166,2026-10-15,P003,Arjun,Phoenix,Ascent,8,28,10,21,3069,29,Win,Bronze
10164,2026-10-11,P013,Karan,Sova,Icebox,18,6,0,23,1747,25,Loss,Silver
10200,2026-10-24,P006,Neeraj,Jett,Icebox,14,3,10,9,4874,28,Win,Gold
10229,2026-10-17,P007,Shubham,Jett,Bind,6,22,15,21,4219,18,Win,Iron
10075,2026-10-10,P008,Sahil,Cypher,Icebox,32,5,7,8,5343,27,Win,Iron
79,2026-09-21,P006,Neeraj,Cypher,Breeze,38,19,3,8,4165,28,Loss,Platinum
10359,2026-10-09,P015,Pratik,Viper,Haven,13,18,2,4,5256,24,Loss,Iron
10251,2026-10-02,P018,Yash,Gekko,Bind,37,22,2,3,2256,28,Loss,Gold
10120,2026-10-25,P018,Yash,Omen,Split,4,22,8,0,1700,22,Loss,Ascendant
10311,2026-10-30,P007,Shubham,Phoenix,Icebox,20,17,4,1,5253,27,Win,Bronze
10300,2026-10-28,P013,Karan,Cypher,Icebox,9,9,7,13,4253,18,Win,Bronze
10256,2026-10-10,P003,Arjun,Raze,Pearl,4,13,3,21,1569,29,Win,Gold
10355,2026-10-21,P011,Manish,Reyna,Lotus,25,10,9,13,2937,23,Loss,Bronze
10400,2026-10-12,P011,Manish,Fade,Lotus,36,18,0,3,5702,23,Loss,Platinum
10226,2026-10-21,P018,Yash,Sova,Bind,19,27,15,23,5479,29,Loss,Immortal
10354,2026-10-10,P017,Siddhant,Omen,Haven,38,8,9,3,4079,20,Loss,Gold
10235,2026-10-30,P002,Rohan,Reyna,Icebox,37,21,1,5,2799,18,Win,Gold
10383,2026-10-25,P004,Akash,Sova,Lotus,3,13,11,20,2614,26,Loss,Silver
10275,2026-10-18,P011,Manish,Brimstone,Haven,34,28,10,21,6467,18,Win,Silver
10037,2026-10-26,P014,Vivek,Sova,Lotus,20,8,3,12,540,25,Win,Platinum
10197,2026-10-21,P010,Ankit,Raze,Pearl,17,20,1,5,3646,20,Win,Iron
10140,2026-10-03,P017,Siddhant,Sova,Sunset,35,14,0,11,2753,20,Win,Ascendant
10365,2026-10-21,P004,Akash,Omen,Breeze,6,25,3,13,3862,24,Win,Bronze
10245,2026-10-31,P009,Ritesh,Viper,Ascent,15,17,3,4,2718,18,Loss,Ascendant
40,2026-09-01,P015,Pratik,Viper,Split,21,9,1,19,4405,26,Win,Gold
10287,2026-10-22,P018,Yash,Phoenix,Ascent,7,3,2,0,2370,21,Win,Diamond
10060,2026-10-28,P010,Ankit,Sova,Pearl,5,14,13,21,3258,19,Loss,Diamond
10112,2026-10-21,P015,Pratik,Raze,Breeze,33,15,13,21,1107,25,Loss,Silver
10090,2026-10-03,P005,Harsh,Jett,Icebox,24,22,12,20,880,23,Loss,Ascendant
37,2026-09-15,P008,Sahil,Gekko,Haven,9,9,12,10,4733,27,Win,Gold
10007,2026-10-20,P003,Arjun,Sova,Haven,37,26,7,5,4009,24,Loss,Platinum
10361,2026-10-22,P001,Aditya,Raze,Lotus,17,25,11,9,1279,19,Loss,Bronze
10347,2026-10-13,P001,Aditya,Raze,Haven,16,10,7,21,1916,22,Loss,Diamond
10339,2026-10-19,P004,Akash,Gekko,Pearl,21,20,11,13,2386,24,Loss,Immortal
10159,2026-10-27,P020,Nikhil,Phoenix,Split,21,13,3,2,2909,28,Loss,Bronze
10151,2026-10-20,P016,Rahul,Chamber,Breeze,35,21,7,22,1399,22,Loss,Diamond
10178,2026-10-31,P008,Sahil,Omen,Haven,23,21,10,6,6474,20,Loss,Immortal
10394,2026-10-17,P008,Sahil,Gekko,Icebox,6,15,12,13,5835,23,Win,Diamond
10185,2026-10-24,P020,Nikhil,Omen,Icebox,24,19,15,22,4834,22,Loss,Diamond
50,2026-10-01,P018,Yash,Raze,Ascent,26,22,10,15,4929,22,Loss,Gold
10011,2026-10-26,P006,Neeraj,Sova,Sunset,7,15,12,19,4057,26,Loss,Diamond
10381,2026-10-31,P020,Nikhil,Brimstone,Icebox,35,20,6,20,5723,25,Loss,Ascendant
10104,2026-10-04,P014,Vivek,Phoenix,Breeze,5,12,15,3,1019,21,Win,Iron
10082,2026-10-07,P002,Rohan,Chamber,Bind,34,23,14,24,645,21,Loss,Gold
10039,2026-10-21,P012,Amit,Chamber,Sunset,37,13,0,3,2362,20,Loss,Diamond
10315,2026-10-04,P006,Neeraj,Viper,Lotus,20,20,1,24,2020,27,Loss,Ascendant
10168,2026-10-01,P016,Rahul,Sage,Split,26,17,4,19,929,19,Loss,Iron
70,2026-09-01,P010,Ankit,Gekko,Sunset,21,22,7,0,4713,23,Win,Iron
10297,2026-10-29,P003,Arjun,Jett,Icebox,22,13,2,17,3964,18,Loss,Platinum
75,2026-09-05,P003,Arjun,Raze,Ascent,16,13,13,9,4305,23,Loss,Diamond
10199,2026-10-21,P015,Pratik,Chamber,Split,34,7,14,8,1802,30,Win,Ascendant
10298,2026-10-19,P010,Ankit,Gekko,Icebox,18,17,11,18,4264,30,Win,Platinum
17,2026-09-28,P001,Aditya,Chamber,Breeze,28,27,6,1,4741,22,Loss,Gold
10147,2026-10-14,P001,Aditya,Raze,Sunset,35,14,7,12,891,23,Win,Diamond
10393,2026-10-07,P010,Ankit,Gekko,Split,5,14,14,3,5270,28,Win,Iron
10148,2026-10-30,P011,Manish,Reyna,Bind,12,7,1,9,4093,29,Win,Immortal
48,2026-10-01,P006,Neeraj,Cypher,Lotus,34,26,6,7,6247,21,Loss,Platinum
10288,2026-10-17,P013,Karan,Fade,Split,29,16,12,2,5470,26,Win,Bronze
10124,2026-10-07,P009,Ritesh,Gekko,Split,10,14,13,3,2543,28,Loss,Bronze
10369,2026-10-01,P008,Sahil,Raze,Pearl,10,21,15,4,960,30,Win,Silver
10097,2026-10-27,P001,Aditya,Sova,Sunset,20,3,1,19,6327,25,Loss,Platinum
10144,2026-10-08,P018,Yash,Fade,Ascent,15,14,14,14,2531,30,Loss,Iron
10240,2026-10-13,P005,Harsh,Cypher,Haven,27,13,11,3,972,18,Loss,Immortal
43,2026-09-08,P009,Ritesh,Brimstone,Lotus,32,15,0,8,1656,24,Win,Silver
10098,2026-10-26,P020,Nikhil,Sage,Lotus,15,22,8,21,6412,29,Win,Silver
8,2026-09-13,P015,Pratik,Killjoy,Breeze,33,8,7,4,6340,24,Loss,Gold
10123,2026-10-06,P005,Harsh,Gekko,Breeze,8,11,14,21,3696,25,Loss,Iron
10184,2026-10-26,P011,Manish,Jett,Split,32,7,4,10,5245,23,Win,Iron
10203,2026-10-19,P010,Ankit,Cypher,Breeze,19,23,11,22,2158,18,Win,Immortal
10247,2026-10-31,P020,Nikhil,Cypher,Lotus,33,13,5,12,2837,22,Loss,Platinum
10306,2026-10-05,P011,Manish,Reyna,Lotus,25,15,1,21,2671,22,Win,Diamond
10299,2026-10-01,P005,Harsh,Killjoy,Breeze,17,20,11,20,5903,18,Loss,Diamond
10352,2026-10-13,P020,Nikhil,Sova,Bind,11,26,0,20,4297,22,Loss,Iron
10387,2026-10-16,P019,Varun,Chamber,Haven,14,26,4,3,3396,28,Loss,Iron
10396,2026-10-15,P010,Ankit,Phoenix,Pearl,14,8,3,12,555,24,Loss,Bronze
10285,2026-10-20,P017,Siddhant,Chamber,Lotus,28,12,1,7,4277,24,Win,Platinum
10126,2026-10-04,P011,Manish,Raze,Ascent,30,8,4,12,4585,29,Win,Ascendant
10303,2026-10-11,P011,Manish,Jett,Icebox,17,5,6,4,5012,19,Win,Silver
10224,2026-10-30,P011,Manish,Viper,Bind,23,16,1,18,2035,29,Win,Diamond
19,2026-09-22,P020,Nikhil,Phoenix,Split,11,17,5,5,4862,27,Win,Immortal
10220,2026-10-30,P003,Arjun,Jett,Bind,8,20,6,1,2422,24,Win,Silver
10130,2026-10-11,P008,Sahil,Gekko,Haven,7,19,3,16,4400,21,Loss,Ascendant
21,2026-09-16,P013,Karan,Jett,Breeze,5,23,10,3,5988,26,Loss,Bronze
10290,2026-10-24,P014,Vivek,Omen,Lotus,6,10,2,13,1173,25,Win,Bronze
45,2026-10-01,P011,Manish,Gekko,Ascent,32,21,0,15,1175,22,Win,Iron
10377,2026-10-16,P008,Sahil,Sage,Sunset,12,20,1,0,5493,20,Loss,Immortal
10292,2026-10-05,P012,Amit,Cypher,Icebox,10,27,0,10,3740,22,Win,Bronze
10356,2026-10-28,P015,Pratik,Reyna,Ascent,6,23,2,15,1816,26,Win,Iron
10295,2026-10-13,P012,Amit,Phoenix,Haven,5,20,13,7,2859,21,Loss,Ascendant
10397,2026-10-06,P005,Harsh,Brimstone,Icebox,3,13,14,22,1491,18,Win,Ascendant
10341,2026-10-30,P016,Rahul,Fade,Bind,4,13,9,9,2519,25,Win,Platinum
10113,2026-10-11,P003,Arjun,Brimstone,Haven,7,7,8,19,5409,27,Loss,Iron
10180,2026-10-02,P002,Rohan,Fade,Ascent,33,12,0,3,3753,20,Loss,Ascendant
10308,2026-10-02,P001,Aditya,Omen,Lotus,11,9,12,11,5845,28,Win,Bronze
33,2026-09-10,P003,Arjun,Brimstone,Split,29,11,6,0,6032,29,Win,Silver
88,2026-09-05,P018,Yash,Brimstone,Icebox,23,16,10,3,1011,26,Win,Diamond
82,2026-09-06,P008,Sahil,Jett,Pearl,24,27,1,1,3135,28,Win,Silver
23,2026-09-30,P013,Karan,Viper,Split,28,14,11,15,4172,27,Win,Gold
10234,2026-10-28,P016,Rahul,Killjoy,Bind,9,19,1,7,1954,29,Loss,Bronze
10312,2026-10-14,P016,Rahul,Chamber,Ascent,6,5,8,12,1347,24,Win,Platinum
10165,2026-10-25,P009,Ritesh,Fade,Ascent,16,22,9,22,4246,21,Win,Gold
10137,2026-10-30,P012,Amit,Fade,Sunset,29,27,10,21,5120,18,Loss,Silver
10198,2026-10-06,P016,Rahul,Cypher,Icebox,5,3,9,18,5160,19,Loss,Bronze
10259,2026-10-25,P009,Ritesh,Cypher,Pearl,9,28,5,11,2893,21,Loss,Silver
10233,2026-10-13,P003,Arjun,Killjoy,Sunset,38,18,1,20,300,29,Win,Silver
10116,2026-10-22,P011,Manish,Fade,Bind,12,24,15,2,970,19,Win,Iron
10121,2026-10-01,P012,Amit,Phoenix,Haven,28,5,4,23,5409,18,Win,Platinum
10350,2026-10-17,P001,Aditya,Sova,Bind,38,23,9,9,5829,19,Loss,Silver
10225,2026-10-18,P009,Ritesh,Brimstone,Sunset,21,7,6,10,2107,24,Win,Immortal
3,2026-09-03,P017,Siddhant,Reyna,Haven,37,20,0,20,759,21,Win,Iron
10398,2026-10-02,P020,Nikhil,Gekko,Icebox,34,28,11,2,6020,23,Win,Gold
10128,2026-10-10,P014,Vivek,Reyna,Sunset,4,13,5,19,3992,29,Loss,Silver
10286,2026-10-21,P016,Rahul,Brimstone,Pearl,36,3,11,10,1304,24,Loss,Ascendant
12,2026-09-24,P007,Shubham,Brimstone,Ascent,24,14,4,21,5592,21,Win,Bronze
10108,2026-10-08,P011,Manish,Phoenix,Lotus,7,27,6,18,1992,21,Loss,Gold
10371,2026-10-26,P012,Amit,Sova,Bind,30,26,3,3,6434,18,Win,Gold
10326,2026-10-21,P019,Varun,Gekko,Lotus,13,17,2,1,2638,18,Loss,Bronze
10134,2026-10-27,P012,Amit,Fade,Pearl,8,22,12,14,4977,26,Win,Immortal
53,2026-09-12,P011,Manish,Brimstone,Icebox,14,20,8,7,2429,25,Loss,Ascendant
10045,2026-10-22,P008,Sahil,Fade,Lotus,15,7,0,1,2228,25,Win,Immortal
61,2026-09-19,P020,Nikhil,Killjoy,Pearl,8,8,10,7,2791,23,Loss,Bronze
10066,2026-10-22,P010,Ankit,Brimstone,Bind,33,20,11,13,6333,26,Loss,Ascendant
10284,2026-10-21,P009,Ritesh,Reyna,Lotus,38,22,9,24,5879,18,Loss,Platinum
10086,2026-10-25,P009,Ritesh,Gekko,Sunset,24,28,8,0,2540,29,Loss,Immortal
10243,2026-10-24,P003,Arjun,Chamber,Lotus,36,8,12,5,1360,22,Loss,Bronze
10187,2026-10-31,P009,Ritesh,Sova,Lotus,6,21,15,5,4517,28,Loss,Gold
10384,2026-10-29,P002,Rohan,Phoenix,Ascent,11,25,13,3,2306,27,Win,Platinum
10160,2026-10-20,P015,Pratik,Cypher,Sunset,13,25,14,11,3885,18,Loss,Iron
10013,2026-10-25,P017,Siddhant,Phoenix,Split,9,23,9,20,4381,27,Win,Gold
10036,2026-10-29,P018,Yash,Omen,Sunset,12,10,5,5,3600,18,Win,Ascendant
10029,2026-10-30,P011,Manish,Gekko,Pearl,3,17,3,2,4627,21,Loss,Gold
10171,2026-10-06,P010,Ankit,Phoenix,Bind,17,14,9,2,2275,21,Loss,Gold
10143,2026-10-14,P002,Rohan,Sage,Lotus,31,22,9,24,6355,30,Loss,Platinum
10399,2026-10-03,P017,Siddhant,Gekko,Split,13,16,12,2,3085,21,Win,Ascendant
10343,2026-10-30,P007,Shubham,Omen,Sunset,34,27,11,1,4444,30,Win,Silver
10222,2026-10-24,P004,Akash,Gekko,Ascent,18,25,6,12,2183,26,Loss,Bronze
10096,2026-10-07,P010,Ankit,Killjoy,Ascent,9,10,12,18,3163,27,Loss,Bronze
10052,2026-10-13,P019,Varun,Jett,Breeze,25,12,12,13,4632,29,Win,Immortal
10241,2026-10-25,P012,Amit,Fade,Pearl,11,5,5,13,3899,26,Loss,Silver
85,2026-09-06,P019,Varun,Chamber,Bind,23,26,14,8,5127,26,Win,Silver
10379,2026-10-27,P013,Karan,Viper,Pearl,32,17,14,2,4306,25,Loss,Silver
10179,2026-10-29,P016,Rahul,Fade,Ascent,4,5,12,16,3968,21,Win,Ascendant
10042,2026-10-17,P010,Ankit,Fade,Sunset,23,15,9,17,1265,21,Loss,Iron
99,2026-09-09,P005,Harsh,Sage,Lotus,17,11,9,2,4896,24,Win,Silver
22,2026-09-18,P019,Varun,Brimstone,Haven,27,23,12,11,5037,28,Win,Bronze
10207,2026-10-18,P019,Varun,Phoenix,Haven,23,19,14,3,5795,21,Loss,Silver
10283,2026-10-03,P007,Shubham,Reyna,Haven,10,21,12,11,3740,23,Win,Platinum
10255,2026-10-26,P015,Pratik,Viper,Split,33,14,15,3,3812,29,Loss,Ascendant
13,2026-09-03,P020,Nikhil,Viper,Bind,34,17,10,19,5624,22,Win,Ascendant
10005,2026-10-18,P003,Arjun,Fade,Bind,15,25,2,1,5640,21,Loss,Silver
10257,2026-10-06,P018,Yash,Sage,Split,30,17,7,12,5381,20,Win,Iron
49,2026-09-07,P008,Sahil,Omen,Lotus,25,7,3,3,865,28,Loss,Diamond
10101,2026-10-15,P004,Akash,Reyna,Haven,17,24,12,17,3219,19,Loss,Diamond
10227,2026-10-24,P006,Neeraj,Gekko,Bind,13,7,15,5,4664,28,Win,Diamond
30,2026-09-07,P001,Aditya,Chamber,Split,29,7,3,5,4121,27,Win,Silver
10214,2026-10-25,P020,Nikhil,Raze,Lotus,16,5,3,19,498,25,Win,Platinum
10172,2026-10-20,P010,Ankit,Chamber,Pearl,35,23,5,18,4979,20,Win,Ascendant
10099,2026-10-10,P002,Rohan,Gekko,Ascent,5,21,11,23,1299,19,Loss,Ascendant
10293,2026-10-21,P019,Varun,Reyna,Ascent,32,19,11,1,4315,27,Win,Ascendant
10216,2026-10-20,P019,Varun,Gekko,Bind,18,12,4,21,4493,21,Loss,Bronze
10062,2026-10-26,P020,Nikhil,Chamber,Ascent,32,16,8,10,2234,19,Loss,Immortal
10048,2026-10-20,P015,Pratik,Omen,Split,30,20,14,5,6315,25,Loss,Bronze
10033,2026-10-27,P014,Vivek,Fade,Breeze,3,13,4,20,2368,20,Loss,Iron
10268,2026-10-24,P004,Akash,Omen,Lotus,22,4,14,8,3078,19,Loss,Silver
10328,2026-10-31,P014,Vivek,Sova,Haven,30,8,1,3,2935,21,Win,Iron
10201,2026-10-28,P020,Nikhil,Sova,Sunset,30,19,10,2,3506,28,Win,Gold
47,2026-09-03,P010,Ankit,Killjoy,Bind,7,20,5,15,2794,23,Win,Bronze
10028,2026-10-22,P007,Shubham,Cypher,Bind,18,11,12,4,5725,28,Loss,Immortal
25,2026-09-23,P020,Nikhil,Omen,Pearl,17,16,10,23,1151,25,Loss,Immortal
10231,2026-10-30,P004,Akash,Reyna,Split,12,10,6,19,4535,22,Loss,Bronze
10261,2026-10-12,P012,Amit,Omen,Ascent,14,24,9,19,5057,19,Win,Ascendant
10289,2026-10-10,P003,Arjun,Reyna,Split,16,28,4,17,2899,24,Win,Bronze
10163,2026-10-02,P019,Varun,Brimstone,Haven,31,14,11,14,6474,19,Win,Ascendant
26,2026-09-19,P007,Shubham,Phoenix,Sunset,4,10,1,4,4921,27,Win,Gold
10139,2026-10-31,P010,Ankit,Sova,Sunset,11,22,2,9,4801,24,Loss,Gold
10063,2026-10-25,P008,Sahil,Jett,Sunset,24,3,15,10,1712,25,Win,Ascendant
10136,2026-10-21,P017,Siddhant,Phoenix,Breeze,18,25,14,14,4516,26,Win,Ascendant
10129,2026-10-28,P014,Vivek,Reyna,Lotus,30,21,12,16,867,24,Loss,Ascendant
77,2026-09-27,P009,Ritesh,Killjoy,Breeze,10,27,7,12,3851,21,Win,Platinum
10009,2026-10-21,P007,Shubham,Jett,Sunset,32,7,8,4,2243,29,Loss,Iron
10327,2026-10-03,P004,Akash,Sage,Haven,27,8,2,17,985,23,Loss,Diamond
64,2026-09-13,P006,Neeraj,Reyna,Pearl,7,18,1,0,3475,26,Win,Silver
10065,2026-10-25,P018,Yash,Viper,Ascent,34,17,0,2,2633,21,Loss,Platinum
10301,2026-10-02,P003,Arjun,Viper,Split,29,25,11,14,6349,19,Win,Gold
10015,2026-10-02,P008,Sahil,Viper,Pearl,8,26,15,2,6453,26,Win,Gold
10157,2026-10-28,P012,Amit,Gekko,Breeze,24,11,3,11,3802,24,Loss,Iron
10041,2026-10-01,P014,Vivek,Chamber,Split,15,14,13,2,5664,23,Loss,Silver
10380,2026-10-24,P016,Rahul,Sova,Breeze,9,15,13,1,4787,26,Win,Silver
69,2026-09-01,P001,Aditya,Chamber,Haven,25,12,15,17,291,29,Loss,Immortal
4,2026-09-07,P004,Akash,Chamber,Sunset,7,26,4,0,3984,29,Loss,Diamond
10217,2026-10-02,P009,Ritesh,Chamber,Haven,30,20,15,1,3044,28,Loss,Ascendant
10280,2026-10-23,P014,Vivek,Phoenix,Ascent,7,10,12,2,6209,30,Win,Silver
35,2026-09-14,P018,Yash,Brimstone,Bind,20,24,12,24,1891,24,Loss,Gold
31,2026-09-16,P003,Arjun,Sova,Haven,37,3,13,16,3669,23,Win,Iron
10338,2026-10-17,P009,Ritesh,Jett,Breeze,36,28,13,3,3618,20,Win,Silver
10237,2026-10-26,P005,Harsh,Cypher,Pearl,35,26,11,1,1023,24,Win,Silver
10208,2026-10-15,P017,Siddhant,Gekko,Breeze,32,7,13,14,4842,18,Loss,Bronze
10213,2026-10-08,P008,Sahil,Jett,Bind,12,11,6,23,6493,19,Win,Iron
10296,2026-10-27,P009,Ritesh,Reyna,Bind,10,19,1,5,2051,30,Win,Iron
58,2026-09-27,P016,Rahul,Sova,Pearl,31,26,10,8,3180,23,Loss,Ascendant
10252,2026-10-02,P020,Nikhil,Brimstone,Sunset,24,28,13,3,309,19,Loss,Platinum
89,2026-09-06,P005,Harsh,Omen,Breeze,15,6,15,6,1031,18,Loss,Immortal
87,2026-09-20,P001,Aditya,Omen,Bind,18,13,2,21,4638,24,Win,Immortal
10304,2026-10-15,P006,Neeraj,Jett,Bind,29,6,11,24,1923,25,Loss,Immortal
10351,2026-10-09,P011,Manish,Sova,Bind,20,11,9,6,1451,26,Win,Diamond
10270,2026-10-09,P018,Yash,Brimstone,Split,13,13,9,9,4914,22,Win,Gold
10202,2026-10-16,P005,Harsh,Sage,Lotus,3,11,12,7,3882,30,Loss,Ascendant
10162,2026-10-28,P005,Harsh,Brimstone,Ascent,5,7,2,7,5508,23,Loss,Iron
10044,2026-10-15,P015,Pratik,Jett,Lotus,35,18,5,21,917,22,Loss,Silver
10218,2026-10-14,P014,Vivek,Phoenix,Icebox,27,8,15,7,2069,22,Win,Immortal
2,2026-09-30,P001,Aditya,Chamber,Bind,35,28,14,15,582,22,Win,Ascendant
10191,2026-10-31,P007,Shubham,Viper,Icebox,38,12,7,9,2590,29,Win,Immortal
10310,2026-10-06,P002,Rohan,Brimstone,Sunset,28,18,0,12,5819,24,Win,Ascendant
10260,2026-10-22,P009,Ritesh,Omen,Ascent,36,23,10,19,3406,27,Loss,Silver
10106,2026-10-02,P009,Ritesh,Cypher,Bind,16,17,14,7,3194,19,Loss,Ascendant
10054,2026-10-30,P015,Pratik,Phoenix,Split,4,15,0,2,5488,24,Win,Immortal
10390,2026-10-20,P007,Shubham,Cypher,Icebox,25,24,4,22,5548,20,Loss,Silver
10002,2026-10-01,P002,Rohan,Reyna,Lotus,17,19,0,17,1851,29,Loss,Platinum
42,2026-09-07,P019,Varun,Chamber,Breeze,7,5,9,23,4803,27,Loss,Ascendant
83,2026-09-16,P005,Harsh,Viper,Bind,38,28,11,14,6229,21,Win,Iron
10050,2026-10-11,P009,Ritesh,Sage,Split,8,7,4,7,3360,29,Win,Platinum
20,2026-09-02,P012,Amit,Viper,Ascent,17,5,8,11,2140,18,Win,Ascendant
10081,2026-10-03,P015,Pratik,Sage,Icebox,23,6,12,16,232,28,Loss,Iron
10206,2026-10-28,P020,Nikhil,Gekko,Pearl,36,17,11,2,4844,19,Win,Platinum
10035,2026-10-02,P005,Harsh,Fade,Bind,5,14,6,21,2267,28,Win,Ascendant
10264,2026-10-20,P015,Pratik,Raze,Bind,3,18,4,6,3368,26,Loss,Iron
28,2026-09-07,P003,Arjun,Jett,Ascent,33,8,7,13,5145,20,Win,Bronze
10367,2026-10-27,P014,Vivek,Reyna,Split,10,12,3,3,4300,21,Win,Bronze
10092,2026-10-15,P004,Akash,Phoenix,Icebox,4,4,10,1,2626,23,Loss,Iron
10340,2026-10-06,P002,Rohan,Fade,Sunset,12,22,12,1,3465,23,Win,Diamond
74,2026-09-01,P018,Yash,Phoenix,Pearl,21,11,4,22,3814,29,Win,Platinum
10053,2026-10-09,P008,Sahil,Killjoy,Ascent,4,15,10,21,5786,30,Loss,Gold
10346,2026-10-12,P008,Sahil,Jett,Ascent,14,18,11,11,1562,22,Win,Bronze
10265,2026-10-14,P016,Rahul,Cypher,Ascent,34,8,2,18,475,30,Win,Bronze
10242,2026-10-03,P001,Aditya,Sage,Split,8,22,10,12,324,22,Loss,Iron
10014,2026-10-25,P012,Amit,Phoenix,Split,36,3,10,15,382,19,Loss,Bronze
10316,2026-10-06,P006,Neeraj,Viper,Bind,25,21,0,22,5961,23,Win,Platinum
10089,2026-10-05,P002,Rohan,Chamber,Bind,9,17,3,16,3966,18,Win,Iron
10388,2026-10-20,P014,Vivek,Cypher,Lotus,20,15,10,9,3932,30,Win,Gold
10274,2026-10-28,P012,Amit,Reyna,Split,28,9,13,6,4275,22,Loss,Bronze
10167,2026-10-28,P010,Ankit,Phoenix,Haven,26,19,7,3,1869,30,Win,Platinum
10329,2026-10-24,P018,Yash,Cypher,Split,19,24,9,9,2168,19,Win,Iron
93,2026-09-18,P008,Sahil,Killjoy,Lotus,15,19,7,18,5345,20,Loss,Silver
10135,2026-10-21,P019,Varun,Viper,Bind,33,19,4,1,3913,19,Loss,Silver
10307,2026-10-28,P013,Karan,Jett,Split,38,10,3,14,1057,30,Win,Silver
81,2026-09-26,P013,Karan,Viper,Breeze,5,21,15,22,5107,20,Loss,Silver
10320,2026-10-10,P011,Manish,Sage,Haven,13,26,13,20,4214,28,Loss,Gold
10244,2026-10-05,P016,Rahul,Reyna,Haven,30,11,13,9,4189,30,Win,Ascendant
10055,2026-10-02,P006,Neeraj,Fade,Sunset,23,9,14,10,2987,30,Loss,Bronze
10364,2026-10-19,P001,Aditya,Chamber,Haven,10,14,1,12,5468,22,Win,Diamond
10051,2026-10-14,P003,Arjun,Killjoy,Bind,37,17,13,1,1917,24,Loss,Diamond
57,2026-09-10,P016,Rahul,Fade,Split,6,15,3,22,1561,18,Win,Bronze
10175,2026-10-03,P015,Pratik,Cypher,Breeze,13,17,13,15,4027,21,Loss,Gold
46,2026-09-22,P008,Sahil,Cypher,Lotus,23,16,11,16,4611,18,Loss,Platinum
10190,2026-10-13,P017,Siddhant,Sage,Haven,32,20,10,17,3125,28,Loss,Immortal
97,2026-09-10,P002,Rohan,Brimstone,Breeze,36,7,9,0,2683,21,Win,Ascendant
10188,2026-10-02,P008,Sahil,Brimstone,Pearl,15,3,14,10,3653,20,Loss,Platinum
10170,2026-10-29,P005,Harsh,Omen,Split,14,27,4,13,4342,18,Win,Gold
10059,2026-10-19,P010,Ankit,Sova,Sunset,28,25,6,2,5073,29,Win,Silver
10049,2026-10-27,P008,Sahil,Sova,Icebox,36,18,7,8,3826,19,Loss,Platinum
10345,2026-10-15,P002,Rohan,Raze,Bind,15,11,11,14,4360,24,Win,Diamond
10236,2026-10-30,P013,Karan,Reyna,Icebox,13,21,7,18,3410,28,Loss,Iron
10253,2026-10-24,P017,Siddhant,Chamber,Split,17,17,11,12,4016,30,Win,Ascendant
10022,2026-10-07,P007,Shubham,Chamber,Ascent,11,16,5,8,4012,21,Win,Immortal
10314,2026-10-06,P009,Ritesh,Raze,Bind,17,3,8,1,4087,26,Loss,Platinum
60,2026-09-29,P015,Pratik,Reyna,Sunset,21,17,4,5,5470,30,Loss,Iron
10161,2026-10-21,P009,Ritesh,Gekko,Breeze,7,24,12,11,4426,30,Win,Diamond
10277,2026-10-28,P006,Neeraj,Fade,Pearl,26,11,2,11,5666,28,Win,Diamond
44,2026-09-10,P017,Siddhant,Sage,Pearl,35,11,8,22,3850,24,Loss,Platinum
10192,2026-10-16,P011,Manish,Sage,Split,20,12,3,18,5765,26,Loss,Iron
10386,2026-10-04,P019,Varun,Gekko,Ascent,32,24,4,15,258,26,Win,Iron
10294,2026-10-09,P006,Neeraj,Gekko,Pearl,10,10,0,1,323,21,Win,Immortal
14,2026-10-01,P011,Manish,Killjoy,Haven,3,13,7,7,6057,29,Loss,Bronze
10344,2026-10-23,P010,Ankit,Chamber,Sunset,11,27,0,5,1802,21,Win,Platinum
10258,2026-10-01,P013,Karan,Cypher,Lotus,31,21,13,12,259,29,Win,Platinum
10309,2026-10-01,P003,Arjun,Reyna,Lotus,31,28,4,2,2939,19,Win,Immortal
10150,2026-10-08,P010,Ankit,Fade,Pearl,6,10,13,20,5325,25,Win,Silver
10131,2026-10-08,P005,Harsh,Reyna,Haven,19,9,5,19,1475,30,Win,Gold
10152,2026-10-12,P020,Nikhil,Viper,Sunset,14,24,2,16,3177,19,Win,Iron
10360,2026-10-31,P014,Vivek,Jett,Sunset,3,4,6,23,3279,18,Loss,Platinum
10100,2026-10-06,P014,Vivek,Viper,Haven,37,14,8,5,2328,25,Loss,Ascendant
10373,2026-10-31,P013,Karan,Jett,Icebox,27,25,15,13,5538,30,Win,Silver
10088,2026-10-28,P008,Sahil,Gekko,Sunset,5,13,15,22,3346,24,Win,Immortal
59,2026-09-14,P001,Aditya,Reyna,Bind,15,21,5,24,2554,23,Loss,Immortal
10331,2026-10-04,P007,Shubham,Raze,Lotus,13,23,9,2,4102,19,Loss,Iron
10215,2026-10-13,P002,Rohan,Jett,Lotus,37,9,1,4,4350,22,Win,Ascendant
67,2026-10-01,P005,Harsh,Cypher,Split,14,21,14,20,6358,28,Loss,Bronze
10122,2026-10-14,P013,Karan,Jett,Bind,13,14,9,23,2880,30,Win,Diamond
100,2026-09-26,P011,Manish,Jett,Haven,34,25,3,19,5484,22,Win,Iron
10021,2026-10-28,P015,Pratik,Cypher,Breeze,9,4,12,23,3002,30,Win,Platinum
10189,2026-10-17,P014,Vivek,Gekko,Ascent,6,25,4,16,1921,26,Loss,Immortal
10072,2026-10-04,P008,Sahil,Chamber,Sunset,17,27,12,14,3849,22,Loss,Bronze
10107,2026-10-13,P002,Rohan,Fade,Lotus,10,17,2,21,1960,28,Win,Diamond
10271,2026-10-30,P014,Vivek,Raze,Icebox,11,25,4,7,1421,29,Loss,Platinum
10349,2026-10-28,P013,Karan,Sage,Ascent,19,9,14,9,5770,26,Loss,Silver
36,2026-09-18,P012,Amit,Chamber,Ascent,19,12,11,24,6002,24,Win,Silver
10103,2026-10-16,P008,Sahil,Raze,Split,23,22,7,20,740,28,Loss,Bronze
